{"cameraMode":{"drawMode":0,"name":"Shaded","section":"Shading Mode"},"sceneLighting":false,"audioPlay":false,"sceneViewState":{"showFog":true,"showMaterialUpdate":false,"showSkybox":true,"showFlares":true,"showImageEffects":true,"showParticleSystems":true},"in2DMode":false,"pivot":{"x":2.159221649169922,"y":3.132956027984619,"z":-5.832366943359375},"rotation":{"x":-0.13105958700180055,"y":0.7917871475219727,"z":-0.18272916972637177,"w":-0.5678967833518982},"size":13.022601127624512,"orthographic":false}